feature,p_val,pct_valid,pct_ctrl,avg_valid,avg_ctrl,sd_valid,sd_ctrl,esm,valid_group,adj_pval,FC,log(FC),norm_diff
HSP90B1,4.7490446884714646e-14,0.16363636363636364,0.9347826086956522,1.2513212543972743,7.829566714920807,2.8929686193454707,2.2030788463279007,-2.5583677187427116,healthy,1.481701942803097e-11,0.15981998748572268,-2.645480248302853,-6.578245460523533
CANX,5.897746217707344e-14,0.09090909090909091,0.8478260869565217,0.6271957462858405,6.161856382119898,2.0138720700926283,2.6928192973964977,-2.327732842750842,healthy,9.200484099623458e-12,0.101786816730393,-3.2963773769837292,-5.534660635834057
ARPC5,1.3422902498123394e-11,0.05454545454545454,0.7391304347826086,0.42927034522097895,5.357196859955141,1.8226793362783313,3.2979601855817218,-1.8495024400044742,healthy,1.395981859804833e-09,0.08012965669224512,-3.6415198941545066,-4.927926514734162
CALR,5.468152334096056e-09,0.18181818181818182,0.7608695652173914,1.2917084275939077,5.705639933896922,2.8154816405517695,3.2893381851923547,-1.4417115399012639,healthy,4.2651588205949234e-07,0.22639150779913966,-2.1431082528211505,-4.4139315063030145
APLP2,1.163002211118762e-08,0.07272727272727272,0.6086956521739131,0.48575903532316683,4.215645324642903,1.7516204036541545,3.4530232903621028,-1.3623459644565918,healthy,7.257133797381075e-07,0.115227681153256,-3.1174407577486734,-3.729886289319736
ITGB1,1.4440477437585981e-08,0.05454545454545454,0.5869565217391305,0.389869482526819,3.9979625263593954,1.6551179197496542,3.41550662939497,-1.344418792461314,healthy,7.50904826754471e-07,0.09751704273272417,-3.3582018138117182,-3.6080930438325765
GNAS,3.045501782073222e-08,0.09090909090909091,0.6304347826086957,0.6465558450577099,4.405847299507005,2.0870649454318113,3.450379145734861,-1.3184023045274456,healthy,1.3574236514383504e-06,0.1467494901900156,-2.768572603488075,-3.759291454449295
LAMA4,3.7744244431844854e-08,0.01818181818181818,0.4782608695652174,0.0947327637880176,3.310226599649667,0.7025569794830868,3.517948099532041,-1.2675966432083892,healthy,1.4720255328419494e-06,0.028618211151479327,-5.1269226939346835,-3.215493835861649
GPNMB,3.847188804964366e-08,0.05454545454545454,0.6086956521739131,0.5032823787908398,4.3965011077328,2.1174475443260237,3.6069453819878667,-1.3163874116489163,healthy,1.3336921190543136e-06,0.11447338837368651,-3.1269158408753097,-3.89321872894196
ALCAM,6.210334964208454e-07,0.03636363636363636,0.4782608695652174,0.25503361386079293,3.098068955267089,1.3255973398769272,3.2933769324238766,-1.1325333129756405,healthy,1.9376245088330374e-05,0.08232018639456207,-3.602609940897971,-2.843035341406296
RACK1,1.7204695927802591e-06,0.14545454545454545,0.6521739130434783,1.0605922900094027,4.470269305453136,2.6148872164350827,3.3455813122069635,-1.1355957511880068,healthy,4.87987739043128e-05,0.2372546747274534,-2.0754915813409895,-3.409677015443733
DSCAM,3.5579219529776974e-06,0.01818181818181818,0.391304347826087,0.14077999872205654,2.6977360370176577,1.0440524135358449,3.4249664563547713,-1.009919557366195,healthy,9.250597077742013e-05,0.05218449721926411,-4.2602349099284496,-2.5569560382956014
COL11A1,3.7340142318955012e-06,0.01818181818181818,0.391304347826087,0.17394700569936417,2.548044014607133,1.2900255205024456,3.236577600762172,-0.9636321096118066,healthy,8.961634156549203e-05,0.06826687635777907,-3.8726704488272943,-2.3740970089077686
LAMB1,1.083740526784224e-05,0.01818181818181818,0.34782608695652173,0.11939985510806803,2.3769537035132156,0.8854930248118954,3.3038289815799042,-0.9334082199759899,healthy,0.00024151931739762708,0.05023230150910854,-4.31524081283962,-2.2575538484051476
HSP90AA1,1.2835320923763958e-05,0.2727272727272727,0.8260869565217391,2.128230175104169,5.877952556425981,3.553408290752214,2.795750744598802,-1.1728501110631975,healthy,0.0002669746752142903,0.3620699817962147,-1.4656595229032174,-3.7497223813218126
IL6ST,2.240827134819408e-05,0.07272727272727272,0.45652173913043476,0.5024155059623725,3.0164404341235143,1.8159771136930032,3.3517078911132425,-0.9326658751364427,healthy,0.00043696129128978454,0.166559067528333,-2.5858941979626557,-2.5140249281611418
LMAN1,2.664210846577902e-05,0.01818181818181818,0.32608695652173914,0.12091888629166091,2.2105069192187297,0.8967584615775078,3.2252616231981377,-0.882756450353625,healthy,0.0004889610494895915,0.05470188093073143,-4.19226574866212,-2.0895880329270686
SLC16A1,3.069711281317042e-05,0.01818181818181818,0.32608695652173914,0.11353520750633303,2.0600976846982415,0.8419996341405592,3.0127204463179384,-0.8800209099462311,healthy,0.0005320832887616207,0.05511156502414273,-4.181501093260979,-1.9465624771919086
SORCS1,4.640319639669199e-05,0.10909090909090909,0.5,0.7835979404553507,3.414741103281268,2.275368860031135,3.4953025394662625,-0.8921835470119674,healthy,0.0007619893303035737,0.22947506611918003,-2.123590690444041,-2.631143162825917
GNB1,7.403915262841667e-05,0.01818181818181818,0.30434782608695654,0.11879122309577085,1.9384540548649378,0.8809792890030989,2.9804282224684573,-0.8280148208076842,healthy,0.0011550107810033002,0.06128142309983594,-4.028406389325874,-1.819662831769167
CNTN6,9.638775909282039e-05,0.07272727272727272,0.41304347826086957,0.5246408436804628,2.8323317561329353,1.903294286563839,3.4360225801816213,-0.8308580653717604,healthy,0.001432046706521903,0.18523283599968182,-2.432588228822488,-2.3076909124524727
TENM3,0.00010200744836432078,0.07272727272727272,0.391304347826087,0.48855189057702947,2.7605667261982934,1.7642934991482069,3.513304726716637,-0.8172915729511494,healthy,0.001446651085894004,0.17697521524858678,-2.4983807647578797,-2.2720148356212637
PDE1A,0.00014645145673178862,0.01818181818181818,0.2826086956521739,0.1251298149278547,1.9180282469749004,0.9279875441585166,3.1041505763843102,-0.7826001262610132,healthy,0.001986645847839915,0.06523877587580292,-3.9381264778426037,-1.7928984320470458
CD63,0.0001533015167978913,0.01818181818181818,0.2826086956521739,0.11389325702450455,1.784669390427475,0.8446550004355282,2.8948001577835942,-0.7835600074541985,healthy,0.001992919718372587,0.06381756623125817,-3.9699025992246506,-1.6707761334029705
GRIA1,0.00016116073283306692,0.10909090909090909,0.45652173913043476,0.7930954567413405,3.246479335228398,2.3007683553959177,3.604894448759844,-0.8113120219859816,healthy,0.002011285945756675,0.24429401047936883,-2.033309602373639,-2.4533838784870574
APP,0.0002810004206654726,0.09090909090909091,0.41304347826086957,0.6049655106116425,2.7597888720739037,1.943577400715296,3.3521995309831913,-0.7864440664084845,healthy,0.0033720050479856714,0.2192071707851434,-2.189633101849165,-2.1548233614622614
CHL1,0.000346054728810818,0.03636363636363636,0.30434782608695654,0.24092043735820268,1.9466801898148045,1.2517693058363764,2.9867889209209335,-0.7448862352775973,healthy,0.003998854644036119,0.12375963890664671,-3.014387202331264,-1.705759752456602
ACTR2,0.00039258889137167393,0.01818181818181818,0.2608695652173913,0.1302206133972496,1.726258054942757,0.965741916065352,2.958036105152083,-0.7253728421243659,healthy,0.004374561932427224,0.07543519523306018,-3.7286184018077035,-1.5960374415455074
LRIG2,0.0009037567752803088,0.01818181818181818,0.2391304347826087,0.13155622110697623,1.5156283938283723,0.9756470479415792,2.7432487022417082,-0.6722718758920933,healthy,0.00972317634094677,0.08679978657213878,-3.5261646944747342,-1.384072172721396
PDAP1,0.001632780216715908,0.03636363636363636,0.2608695652173913,0.26913866340870396,1.7515877357753973,1.403011845083526,2.9878377560343217,-0.6351391336099326,healthy,0.016980914253845444,0.15365411501329163,-2.702241690600335,-1.4824490723666934
CALM1,0.0023729649905839386,0.16363636363636364,0.5217391304347826,1.219722863144366,3.421555936525422,2.7910455193227697,3.331917195177716,-0.7164154353050043,healthy,0.023882744421360933,0.356481929792149,-1.48809914713822,-2.2018330733810556
LAMC1,0.002498541759302583,0.03636363636363636,0.2391304347826087,0.23703188518286372,1.6055485148673179,1.2314781384270723,2.9078758500532067,-0.6128692575379932,healthy,0.024360782153200183,0.14763296343147375,-2.759913213126181,-1.3685166296844542
EFEMP1,0.0028810173383804908,0.01818181818181818,0.1956521739130435,0.10954852557120731,1.2689366591261904,0.8124336096047481,2.618361979268519,-0.5980731174078662,healthy,0.027238709381051912,0.08633096442074906,-3.533978084553756,-1.159388133554983
TGS1,0.0031384561943525384,0.01818181818181818,0.1956521739130435,0.11098113524618558,1.2268149598066922,0.8230581273089208,2.521754528053171,-0.5948821119261948,healthy,0.02879995095994094,0.09046281540589687,-3.4665312931982912,-1.1158338245605066
HMGB1,0.003152917330587336,0.32727272727272727,0.7391304347826086,2.5354876335214684,5.2585490777560775,3.704914401729543,3.2208309557619543,-0.7844452384478835,healthy,0.02810600591837854,0.48216487020092796,-1.0524015526842843,-2.723061444234609
NCAM1,0.0038004967247109657,0.2,0.5434782608695652,1.5496225546073643,3.6771504013526184,3.168286656854557,3.437311386737744,-0.6436254797229335,healthy,0.03293763828082837,0.42141941054065796,-1.24667132879617,-2.127527846745254
ARF1,0.0038815468634148076,0.07272727272727272,0.30434782608695654,0.5197049534413781,1.9627288350372651,1.8921758374127222,3.0101720981467337,-0.573970808485161,healthy,0.0327308816590654,0.26478693549713445,-1.9170961530989825,-1.4430238815958871
PSAP,0.006162547788498666,0.01818181818181818,0.17391304347826086,0.11098113524618558,1.1310917269464742,0.8230581273089208,2.497001915511615,-0.548714536102621,healthy,0.05059776078977852,0.0981185986973782,-3.3493295599026456,-1.0201105917002886
PPIA,0.0068224659187602855,0.09090909090909091,0.30434782608695654,0.5904839260137202,1.9476410907087165,1.9106094508473708,2.988480350744186,-0.5411029598695832,healthy,0.054579727350082284,0.30317902452902773,-1.7217581509256539,-1.3571571646949963
NECTIN3,0.007584848782729751,0.01818181818181818,0.17391304347826086,0.12266930433744273,1.07550581639363,0.9097399092404199,2.3808103488578753,-0.5287059979588343,healthy,0.05916182050529205,0.11405731374728927,-3.1321691347025653,-0.9528365120561872
FAM3C,0.007902351938306967,0.01818181818181818,0.17391304347826086,0.156278903923192,1.0373670785658304,1.1589953708401441,2.28977090165043,-0.485526481358392,healthy,0.06013497084760424,0.15064956961931839,-2.730731543488089,-0.8810881746426384
MTMR4,0.009810972346075232,0.05454545454545454,0.2391304347826087,0.37065476705445094,1.5657433050546894,1.5605084190708842,2.838329089462454,-0.5217956522380321,healthy,0.07288150885655886,0.23672767168019565,-2.0786997387834787,-1.1950885380002385
NUCB2,0.011082653864288193,0.2,0.4782608695652174,1.4437450255346356,3.174327766886401,2.9438939920795515,3.3750122285035475,-0.5464771454562218,healthy,0.0804136745501841,0.45481914016420555,-1.1366351264115002,-1.7305827413517654
PTPRA,0.01167212960778501,0.03636363636363636,0.1956521739130435,0.23320146225192517,1.240813703248221,1.213839921024155,2.5460281817688655,-0.5052079061660991,healthy,0.08276600994611188,0.18794236527324518,-2.411637784487256,-1.0076122409962958
VEGFA,0.014727660969496655,0.01818181818181818,0.15217391304347827,0.12365293668071788,0.9890353756531699,0.9170347219364762,2.3641940830234587,-0.4826198917004628,healthy,0.10211178272184347,0.1250237754125388,-2.999725620734975,-0.865382438972452
CLSTN1,0.015957546865599862,0.01818181818181818,0.15217391304347827,0.15109863621416134,0.9434027989904081,1.1205774772936812,2.2607717511113905,-0.44406538241428267,healthy,0.10823379613189472,0.16016343853957296,-2.6423832421321727,-0.7923041627762468
CALM2,0.019621534447491634,0.2,0.43478260869565216,1.3875665632896201,2.9223517780510586,2.8290705994815113,3.390823628667437,-0.49150794321623986,healthy,0.13025359037483808,0.47481161361586666,-1.0745728719945091,-1.5347852147614385
GNG12,0.020048577359618777,0.09090909090909091,0.2826086956521739,0.6763167196446114,1.7986621090629102,2.2060601342787045,2.918981369559093,-0.4338078457013966,healthy,0.13031575283752206,0.37601098963327106,-1.4111532668734725,-1.1223453894182989
LRP4,0.022102223755434854,0.10909090909090909,0.0,0.7592948550139772,0.0,2.216872998041502,0.0,0.4843782583619059,healthy,0.14073252676929948,inf,inf,0.7592948550139772
GRIA2,0.02288848192666121,0.05454545454545454,0.1956521739130435,0.35190323949884417,1.3470043941152452,1.4805156854943862,2.765288443631834,-0.448654816378164,healthy,0.14282412722236593,0.261248768776278,-1.9365038568691284,-0.995101154616401
AFDN,0.023228515123634233,0.03636363636363636,0.17391304347826086,0.22833974866697818,1.095968642693962,1.1872927579516381,2.4272122879298497,-0.4541058835083218,healthy,0.14210385722693883,0.20834514763643625,-2.2629525948582763,-0.867628894026984
ITGB8,0.028413401698344384,0.01818181818181818,0.13043478260869565,0.11763203007479571,0.8578124591047948,0.8723824834746915,2.241960983816189,-0.4351202901936212,healthy,0.1704804101900663,0.13713024196169338,-2.8663813245225653,-0.740180429029999
TGFBR3,0.028472740429698634,0.03636363636363636,0.17391304347826086,0.2690094258616486,1.133654787249122,1.3990590154696323,2.5041161800518683,-0.42629164716084494,healthy,0.1676131134729429,0.2372939530511006,-2.0752527580063402,-0.8646453613874734
GLRA2,0.030729721189929858,0.01818181818181818,0.13043478260869565,0.12365293668071788,0.8158719771197146,0.9170347219364762,2.134403919617992,-0.42140249788903505,healthy,0.17754950020848362,0.15155923986659248,-2.722046285633088,-0.6922190404389967
DAG1,0.030729721189929858,0.01818181818181818,0.13043478260869565,0.12356349083186599,0.8278407835278487,0.9163713737675431,2.16574321538846,-0.4235347448396535,healthy,0.17432132747742027,0.14925997038379699,-2.7441007899110192,-0.7042772926959827
NLGN4Y,0.030729721189929858,0.01818181818181818,0.13043478260869565,0.12091888629166091,0.819799080601958,0.8967584615775078,2.1477685909199047,-0.42465366773027574,healthy,0.17120844662960918,0.14749819700074948,-2.7612307756262773,-0.6988801943102971
SLITRK6,0.03194746865785438,0.01818181818181818,0.13043478260869565,0.1409905917644012,0.8199917539512818,1.0456142133378743,2.149636536179579,-0.40170388947863583,healthy,0.17487035475878188,0.17194147512461191,-2.5400105062127096,-0.6790011621868806
PTGES3,0.034302648775515594,0.07272727272727272,0.2391304347826087,0.5434737276831193,1.4770515540852325,1.9861732867124875,2.670797642722512,-0.3966742194018925,healthy,0.18452459341311836,0.3679449956773536,-1.4424379818512358,-0.9335778264021132
ITGB3BP,0.03525628116368375,0.05454545454545454,0.1956521739130435,0.3633630460681496,1.261685384561371,1.5269620791507996,2.599819751378916,-0.4213559288077718,healthy,0.18643999530625982,0.2879981416242481,-1.7958685925188425,-0.8983223384932213
FGFR2,0.03778434003220932,0.09090909090909091,0.0,0.6632289780632687,0.0,2.1255441549807887,0.0,0.44127402083745465,healthy,0.19647856816748846,inf,inf,0.6632289780632687
NCAN,0.03778434003220932,0.09090909090909091,0.0,0.6318173789708442,0.0,2.061601722345786,0.0,0.4334128636965318,healthy,0.1932576080335952,inf,inf,0.6318173789708442
SMAP1,0.043948374961403976,0.03636363636363636,0.15217391304347827,0.24110474667818355,0.9705960296431637,1.2580056367388088,2.320260333517356,-0.39087470393025137,healthy,0.22115956432190387,0.24840895626455928,-2.0092109047205593,-0.7294912829649802
NRCAM,0.04635420659129771,0.07272727272727272,0.21739130434782608,0.4802248205957944,1.3661842458791695,1.7345818482193829,2.624939566969309,-0.3982276137986759,healthy,0.22956368978547434,0.3515080942005441,-1.5083701841712445,-0.8859594252833751
RTN4,0.04953702272053342,0.18181818181818182,0.41304347826086957,1.3685520379958724,2.7463889879403602,2.9472874268351608,3.3216806752119536,-0.43879194490914963,healthy,0.24149298576260042,0.4983096145539859,-1.004885684752049,-1.3778369499444878
BMPR2,0.057731216542337205,0.05454545454545454,0.17391304347826086,0.35559722679072286,1.1364600528920348,1.4965482392895166,2.5173975665621917,-0.3770712140761168,healthy,0.27710983940321854,0.3128990111758069,-1.6762309955095944,-0.780862826101312
FLRT2,0.058872982303045954,0.01818181818181818,0.10869565217391304,0.12091888629166091,0.7073562707889713,0.8967584615775078,2.054941066067342,-0.3698997135413952,healthy,0.27830864361439905,0.17094481421192512,-2.5483974371012392,-0.5864373844973104
SPTAN1,0.058872982303045954,0.01818181818181818,0.10869565217391304,0.11098113524618558,0.6740240236175314,0.8230581273089208,1.9598871969377254,-0.3745892993030928,healthy,0.2741547832619453,0.16465456921037103,-2.602485547207502,-0.5630428883713459
ACVR2B,0.06347467823136045,0.01818181818181818,0.10869565217391304,0.1409905917644012,0.6717598027878505,1.0456142133378743,1.95213847522729,-0.3389523765202836,healthy,0.2912367589438891,0.20988244783221668,-2.2523465737276496,-0.5307692110234493
FLRT3,0.06347467823136045,0.01818181818181818,0.10869565217391304,0.12612022745272558,0.6891259058749273,0.9353326400270641,1.9966942674055064,-0.3611075689652277,healthy,0.28701593635049943,0.18301478202680677,-2.449967915801537,-0.5630056784222017
GRM7,0.06347467823136045,0.01818181818181818,0.10869565217391304,0.15698009076058306,0.66078446784663,1.1641955116027758,1.9197754628796504,-0.3173389396390616,healthy,0.2829157086883495,0.23756625404975254,-2.073598176984097,-0.503804377086047
EPHB2,0.06347467823136045,0.01818181818181818,0.10869565217391304,0.175387806402635,0.6727969448365857,1.3007107844982484,1.9481736698273828,-0.30029783941743293,healthy,0.27893098039696423,0.26068460588095355,-1.939622704476283,-0.49740913843395074
ITGA6,0.06347467823136045,0.01818181818181818,0.10869565217391304,0.15208554685924164,0.7177157533765756,1.1278966025266242,2.084932667980537,-0.337453864187426,healthy,0.27505693900256195,0.21190219964343524,-2.2385295312537075,-0.565630206517334
THRB,0.06347467823136045,0.01818181818181818,0.10869565217391304,0.15550933364431427,0.7266422432296388,1.153288084902218,2.1107782058214215,-0.335802023915335,healthy,0.2712890357285543,0.21401086310800826,-2.2242440657642613,-0.5711329095853245
HSPA8,0.07502986153091556,0.09090909090909091,0.21739130434782608,0.5894985147609086,1.4160401654765509,1.883931767609653,2.724615504808317,-0.3528762448565114,healthy,0.31634211888710345,0.41630070186781754,-1.264302104075899,-0.8265416507156422
EFNA5,0.0778593741292685,0.10909090909090909,0.2608695652173913,0.7568313555036549,1.6872014059690117,2.1873951951864985,2.8887658239116942,-0.36311474507115005,healthy,0.3238949963777569,0.4485720275161716,-1.156588436616423,-0.9303700504653568
NTRK2,0.08073815930672205,0.05454545454545454,0.17391304347826086,0.46022587767126555,1.1160998274021894,1.9414968605370395,2.4671484781688253,-0.295447233723337,healthy,0.3314513908381221,0.41235189395421523,-1.278052060924946,-0.6558739497309238
MCFD2,0.08709115794757305,0.03636363636363636,0.13043478260869565,0.24110474667818355,0.847089325418107,1.2580056367388088,2.2162832806518455,-0.33628233308353883,healthy,0.3528888477875687,0.28462729896776695,-1.8128540556629198,-0.6059845787399234
PTPRF,0.08981311583027059,0.03636363636363636,0.13043478260869565,0.26463384372049437,0.8561978814942198,1.3891406932169152,2.2431879090520264,-0.3170750787769883,healthy,0.35925246332108235,0.30908023652039474,-1.6939466878138045,-0.5915640377737255
CDH6,0.09839180584384344,0.03636363636363636,0.13043478260869565,0.26590981364991123,0.8226940651695742,1.3839517108028447,2.1544212642869667,-0.30750643360742375,healthy,0.3885853597883437,0.3232183443490646,-1.6294190139066065,-0.556784251519663
SDC3,0.10838138531631991,0.01818181818181818,0.08695652173913043,0.11098113524618558,0.5825188406110936,0.8230581273089208,1.9098211523721913,-0.3206611346470647,healthy,0.4226874027336477,0.1905193918359111,-2.391990246346333,-0.471537705364908
GRM1,0.1122221457148629,0.05454545454545454,0.0,0.39066619516996987,0.0,1.6507897353051952,0.0,0.33467946871375676,healthy,0.43226307979058304,inf,inf,0.39066619516996987
PLD1,0.1122221457148629,0.05454545454545454,0.0,0.3536878086778151,0.0,1.515931815160342,0.0,0.3299555368361214,healthy,0.42699157881752714,inf,inf,0.3536878086778151
GNG7,0.1122221457148629,0.05454545454545454,0.0,0.3456594757452476,0.0,1.4552169260063168,0.0,0.335919896082614,healthy,0.4218471019643039,inf,inf,0.3456594757452476
SLC1A2,0.1122221457148629,0.05454545454545454,0.0,0.41048291119653585,0.0,1.7569619278541717,0.0,0.3304058505385635,healthy,0.41682511265520505,inf,inf,0.41048291119653585
GRIN1,0.1122221457148629,0.05454545454545454,0.0,0.4048002798416277,0.0,1.7260987212283463,0.0,0.3316577660152969,healthy,0.4119212878004379,inf,inf,0.4048002798416277
SLC6A6,0.1122221457148629,0.05454545454545454,0.0,0.40370159338700157,0.0,1.697496388318826,0.0,0.3363307706857372,healthy,0.40713150538415377,inf,inf,0.40370159338700157
CDH1,0.1122221457148629,0.05454545454545454,0.0,0.43491534466582094,0.0,1.8618760581673794,0.0,0.3303459304997841,healthy,0.40245183290847386,inf,inf,0.43491534466582094
PPARG,0.1122221457148629,0.05454545454545454,0.0,0.37870722234703347,0.0,1.6017364402951326,0.0,0.3343701726066334,healthy,0.397878516625423,inf,inf,0.37870722234703347
ADAM17,0.11242894363178774,0.01818181818181818,0.08695652173913043,0.11098113524618558,0.5566083094410808,0.8230581273089208,1.8302683600394622,-0.3140358996127383,healthy,0.39413292599008737,0.19938821135751186,-2.326347980631797,-0.44562717419489517
COL6A1,0.11659475091107088,0.01818181818181818,0.08695652173913043,0.11763203007479571,0.5652581322378021,0.8723824834746915,1.8587354885040837,-0.30830653937403946,healthy,0.4041951364917124,0.2081032069527278,-2.2646288971416144,-0.44762610216300636
GRIK3,0.11659475091107088,0.01818181818181818,0.08695652173913043,0.11939985510806803,0.5632452518514159,0.8854930248118954,1.8491918042050906,-0.3061509428513036,healthy,0.3997534316951002,0.2119855510820457,-2.2379621607247016,-0.4438453967433479
TRPC6,0.12088085099591903,0.01818181818181818,0.08695652173913043,0.1251298149278547,0.5545193746989653,0.9279875441585165,1.8208225201781927,-0.29713742023183165,healthy,0.4099437555513775,0.22565454091804193,-2.147812284234041,-0.4293895597711106
ATRN,0.12088085099591903,0.01818181818181818,0.08695652173913043,0.11763203007479571,0.5554168851569559,0.8723824834746915,1.8243348498567522,-0.30616388594414634,healthy,0.4055357581798573,0.21179051847074104,-2.23929009130513,-0.43778485508216014
CLU,0.12528926643980512,0.01818181818181818,0.08695652173913043,0.1251298149278547,0.5437841520354482,0.9279875441585166,1.784315020337322,-0.29438420078394095,healthy,0.4158537354172255,0.23010934478226158,-2.119608522028199,-0.4186543371075935
ADCY9,0.12528926643980512,0.01818181818181818,0.08695652173913043,0.16839506657911854,0.5631508516858607,1.2488512379984318,1.8489130420492086,-0.2502138277501951,healthy,0.41147632767599157,0.2990230167902746,-1.741671557182518,-0.39475578510674214
GRIN2D,0.12528926643980512,0.01818181818181818,0.08695652173913043,0.17221422060265895,0.5399956202034176,1.2771748422897982,1.7741003155798938,-0.2379326701934926,healthy,0.40719011592936666,0.3189178099959134,-1.6487434276035033,-0.3677813996007587
CHRM3,0.14600592941197127,0.10909090909090909,0.21739130434782608,0.7743590051252272,1.480059583418625,2.287009964200232,2.8507896925006087,-0.27307015573697,healthy,0.469627319345722,0.5231944806820692,-0.9345807733453424,-0.7057005782933978
PTPRZ1,0.15419124665703035,0.03636363636363636,0.10869565217391304,0.23116723758112873,0.6978925934148975,1.20116992298672,2.0253167704773456,-0.28030877462536,healthy,0.4908945811938109,0.33123612395711394,-1.5940680759998336,-0.4667253558337688
DDR2,0.1633458318375468,0.03636363636363636,0.10869565217391304,0.24720811895671024,0.715371439940519,1.285320725595353,2.0807409961949084,-0.27071115453500805,healthy,0.5147868639728748,0.3455661005662525,-1.5329663963203026,-0.46816332098380875
ADCY1,0.17290431114113702,0.03636363636363636,0.10869565217391304,0.26862027359527113,0.708085014340032,1.4001807278370038,2.060196410846847,-0.24950031867543893,healthy,0.5394614507603476,0.3793616135848287,-1.3983543905517049,-0.4394647407447609
TSPAN5,0.17783760604333454,0.03636363636363636,0.10869565217391304,0.25611327659068045,0.7089479368081207,1.331391609626485,2.0568911853787766,-0.26137006046496347,healthy,0.5493597335200037,0.3612582296857694,-1.468897641414917,-0.4528346602174403
HGF,0.19856103513674672,0.03636363636363636,0.0,0.28539698662152246,0.0,1.490398008709538,0.0,0.27080839264542345,healthy,0.607363166300637,inf,inf,0.28539698662152246
ITGAL,0.19856103513674672,0.03636363636363636,0.0,0.2910054436984298,0.0,1.5380595967132555,0.0,0.26757340618150616,healthy,0.601466436530728,inf,inf,0.2910054436984298
SCN8A,0.19856103513674672,0.03636363636363636,0.0,0.239398031107125,0.0,1.2471537922774065,0.0,0.27146607298437,healthy,0.5956831054102402,inf,inf,0.239398031107125
SLC6A11,0.19856103513674672,0.03636363636363636,0.0,0.2510862001983822,0.0,1.3048130499385082,0.0,0.27213822674597904,healthy,0.5900099329777617,inf,inf,0.2510862001983822
LDLR,0.19856103513674672,0.03636363636363636,0.0,0.24721642751258388,0.0,1.2843540440309702,0.0,0.2722121881069818,healthy,0.5844438015345753,inf,inf,0.24721642751258388
WNT9A,0.19856103513674672,0.03636363636363636,0.0,0.23046741186286823,0.0,1.1988496679861878,0.0,0.2718690660264247,healthy,0.5789817099314484,inf,inf,0.23046741186286823
SCN10A,0.19856103513674672,0.03636363636363636,0.0,0.29066541926487643,0.0,1.514521153433515,0.0,0.2714144844430495,healthy,0.5736207681728239,inf,inf,0.29066541926487643
APLP1,0.19856103513674672,0.03636363636363636,0.0,0.22833974866697818,0.0,1.1872927579516381,0.0,0.27198108236659346,healthy,0.5683581923180273,inf,inf,0.22833974866697818
GDF7,0.19856103513674672,0.03636363636363636,0.0,0.2899856664588128,0.0,1.5072111152884482,0.0,0.27209304538692247,healthy,0.5631912996605907,inf,inf,0.2899856664588128
BMP7,0.19856103513674672,0.03636363636363636,0.0,0.2910054436984298,0.0,1.5380595967132555,0.0,0.26757340618150616,healthy,0.558117504168153,inf,inf,0.2910054436984298
NR1H4,0.19856103513674672,0.03636363636363636,0.0,0.2512515630057335,0.0,1.3073206432757951,0.0,0.27179511759242275,healthy,0.5531343121666515,inf,inf,0.2512515630057335
LINGO1,0.21725254182838305,0.3090909090909091,0.2608695652173913,2.604503187005944,1.677686062242113,3.987060143300098,2.871691612037878,0.26675408578404686,healthy,0.5998477261102257,1.5524377567548024,0.6345354263708282,0.9268171247638308
COL4A5,0.2221043419615808,0.01818181818181818,0.06521739130434782,0.11098113524618558,0.4639353779458328,0.8230581273089208,1.7780513299500664,-0.2547595669339431,healthy,0.607864514842221,0.23921679725649914,-2.0636093990477162,-0.3529542426996472
BSG,0.2221043419615808,0.01818181818181818,0.06521739130434782,0.11763203007479571,0.4352398071537341,0.8723824834746915,1.6661913352558089,-0.23882158146370142,healthy,0.6025787364522888,0.2702694655713007,-1.8875295662082694,-0.3176077770789384
APOD,0.2221043419615808,0.01818181818181818,0.06521739130434782,0.11098113524618558,0.45949823190489864,0.8230581273089208,1.7665033075283783,-0.25290881760152106,healthy,0.5973840921725276,0.24152679496959437,-2.0497448444376007,-0.34851709665871305
UNC5C,0.229840202513652,0.01818181818181818,0.06521739130434782,0.11939985510806803,0.4585129682015376,0.8854930248118954,1.7609474502704736,-0.2433112442916074,healthy,0.612907206703072,0.2604067134161978,-1.9411614524997605,-0.3391131130934696
ADAM10,0.2326456860148901,0.05454545454545454,0.13043478260869565,0.38025945917526,0.7870365262489234,1.5986472090381625,2.057731920547385,-0.22076930796145344,healthy,0.6151309664122518,0.4831535087546773,-1.0494464562756725,-0.4067770670736634
TMEM126A,0.23776580771585032,0.01818181818181818,0.06521739130434782,0.11879122309577085,0.42992823436405814,0.8809792890030989,1.6549425021920867,-0.23469645496687958,healthy,0.6233859832550025,0.27630477275232834,-1.8556676121193474,-0.3111370112682873
PRNP,0.23776580771585032,0.01818181818181818,0.06521739130434782,0.11389325702450455,0.39607352529892204,0.8446550004355282,1.5234169333083616,-0.22909551532833564,healthy,0.6181911000612108,0.28755584443203513,-1.7980859347903708,-0.2821802682744175
CXCL14,0.23776580771585032,0.01818181818181818,0.06521739130434782,0.11389325702450455,0.40089389226907707,0.8446550004355282,1.5352715242457444,-0.2316291715374213,healthy,0.613082082705333,0.28409825946677236,-1.8155381020306158,-0.28700063524457253
ITGA9,0.2383229649448838,0.07272727272727272,0.021739130434782608,0.5015940961801816,0.13361507250879723,1.8222195461601,0.9062215124738721,0.2557099422721132,healthy,0.6094816808426536,3.754023305620379,1.9084376066947801,0.36797902367138435
EPHA3,0.2383229649448838,0.07272727272727272,0.021739130434782608,0.4762086777879479,0.12205413162614537,1.7325966450953092,0.8278113964923239,0.2608324733594218,healthy,0.6045265452260468,3.90161866250121,1.964072778304942,0.35415454616180253
UBASH3B,0.24562256987837872,0.07272727272727272,0.021739130434782608,0.5021931000857761,0.1369645792276025,1.8320446098624,0.9289389723215046,0.25145409003367664,healthy,0.6180180790488239,3.6665910479763593,1.8744393645067412,0.3652285208581736
SEMA6A,0.24588250533488876,0.01818181818181818,0.06521739130434782,0.1409905917644012,0.43670788631397367,1.0456142133378743,1.6718158569370818,-0.21208653889579154,healthy,0.6137227333158823,0.32284874210637726,-1.631069688865835,-0.29571729454957246
COL14A1,0.24588250533488876,0.01818181818181818,0.06521739130434782,0.15770941794259602,0.39011894159988414,1.169604346746618,1.494797769857109,-0.17317024478777565,healthy,0.6088519179721055,0.40425983238811,-1.306645231602625,-0.23240952365728812
HSPA1A,0.24588250533488876,0.01818181818181818,0.06521739130434782,0.13907263545226495,0.3896009536866409,1.0313902686374938,1.496332292303459,-0.19495404325834295,healthy,0.6040578083817739,0.35696174287119986,-1.4861586321947482,-0.25052831823437594
PDGFA,0.24588250533488876,0.01818181818181818,0.06521739130434782,0.15698009076058306,0.42578992658758424,1.1641955116027758,1.632295812570083,-0.1896099518856852,healthy,0.5993386067537914,0.3686796726702094,-1.4395602199428132,-0.2688098358270012
QDPR,0.24588250533488876,0.01818181818181818,0.06521739130434782,0.13155622110697623,0.38724620273531385,0.9756470479415792,1.482468646277373,-0.2037515765933315,healthy,0.5946925710425217,0.33972243027234034,-1.5575716191655178,-0.2556899816283376
PTPRS,0.2777059113107735,0.12727272727272726,0.06521739130434782,0.8527952869976371,0.4033380743227302,2.2607252430420464,1.5526500494684006,0.23176519232188503,healthy,0.6664941871458564,2.1143436270667433,1.0802098652626453,0.44945721267490685
GABBR1,0.2830179062555406,0.03636363636363636,0.08695652173913043,0.22121138521767997,0.5529005115444463,1.1614669592731066,1.820383131799234,-0.2172315129640649,healthy,0.6740579141353333,0.400092567467081,-1.3215942669486176,-0.33168912632676634
EFNB2,0.29054804978348014,0.03636363636363636,0.08695652173913043,0.2505391173356085,0.5739454819532622,1.3122098847680808,1.8812898511222906,-0.19939918166672843,healthy,0.6867499358518622,0.4365207588758587,-1.1958778316050773,-0.3234063646176537
WNT2B,0.2982118311214875,0.03636363636363636,0.08695652173913043,0.2315252870993003,0.543707581597433,1.2029971212114885,1.7842265572112297,-0.20516416871142207,healthy,0.6995645963150685,0.4258268505638093,-1.231661172917873,-0.31218229449813273
ST6GAL1,0.3220067570964349,0.03636363636363636,0.08695652173913043,0.2445296700359227,0.5206901541694499,1.2707574372723376,1.7088837922375453,-0.1833929780363332,healthy,0.749747076224535,0.4696260685512111,-1.0904156014187099,-0.2761604841335271
ALK,0.3220067570964349,0.03636363636363636,0.08695652173913043,0.3256569199883602,0.555458398554206,1.6932925464891229,1.8306259541008767,-0.13032490154467427,healthy,0.7441933941784272,0.5862849870233442,-0.7703259807152829,-0.22980147856584576
NRG1,0.35361603776453643,0.07272727272727272,0.13043478260869565,0.49277926330333344,0.872447620624933,1.782615153648807,2.3007764736916205,-0.18447802810078456,healthy,0.8112367925186424,0.5648238950441018,-0.8241269713412712,-0.37966835732159954
PTPRG,0.35515388626901334,0.05454545454545454,0.10869565217391304,0.3947665587217447,0.7151912567222276,1.6641747901128703,2.0842205756260412,-0.16990288134505463,healthy,0.8088176096053442,0.5519734127217772,-0.8573293174821421,-0.3204246980004829
INSR,0.36278167110990434,0.05454545454545454,0.10869565217391304,0.4028443022296999,0.6842846478687951,1.702334507685056,1.986025826669468,-0.15216058117289652,healthy,0.8202020390310881,0.5887086660271551,-0.7643742300320467,-0.28144034563909515
ANGPT2,0.37097522047833587,0.01818181818181818,0.0,0.12091888629166091,0.0,0.8967584615775078,0.0,0.19069251784911853,healthy,0.8326925812175596,inf,inf,0.12091888629166091
COL28A1,0.37097522047833587,0.01818181818181818,0.0,0.14077999872205654,0.0,1.0440524135358449,0.0,0.1906925178491185,healthy,0.8267447770660057,inf,inf,0.14077999872205654
SFRP4,0.37097522047833587,0.01818181818181818,0.0,0.1251298149278547,0.0,0.9279875441585165,0.0,0.1906925178491184,healthy,0.8208813389307857,inf,inf,0.1251298149278547
FLT1,0.37097522047833587,0.01818181818181818,0.0,0.156278903923192,0.0,1.1589953708401441,0.0,0.1906925178491186,healthy,0.8151004844312731,inf,inf,0.156278903923192
SMN2,0.37097522047833587,0.01818181818181818,0.0,0.10954852557120731,0.0,0.8124336096047481,0.0,0.1906925178491185,healthy,0.8094004810436419,inf,inf,0.10954852557120731
FGF10,0.37097522047833587,0.01818181818181818,0.0,0.11353520750633303,0.0,0.8419996341405592,0.0,0.19069251784911842,healthy,0.8037796443697277,inf,inf,0.11353520750633303
EFNB1,0.37097522047833587,0.01818181818181818,0.0,0.11879122309577085,0.0,0.8809792890030989,0.0,0.19069251784911853,healthy,0.7982363364775227,inf,inf,0.11879122309577085
TNFSF10,0.37097522047833587,0.01818181818181818,0.0,0.11763203007479571,0.0,0.8723824834746915,0.0,0.19069251784911845,healthy,0.7927689643098684,inf,inf,0.11763203007479571
HSPG2,0.37097522047833587,0.01818181818181818,0.0,0.11763203007479571,0.0,0.8723824834746915,0.0,0.19069251784911845,healthy,0.7873759781581007,inf,inf,0.11763203007479571
COL5A1,0.37097522047833587,0.01818181818181818,0.0,0.0947327637880176,0.0,0.7025569794830868,0.0,0.19069251784911848,healthy,0.7820558701975729,inf,inf,0.0947327637880176
FZD6,0.37097522047833587,0.01818181818181818,0.0,0.1251298149278547,0.0,0.9279875441585166,0.0,0.1906925178491184,healthy,0.776807173082153,inf,inf,0.1251298149278547
CNR2,0.37097522047833587,0.01818181818181818,0.0,0.15109863621416134,0.0,1.1205774772936812,0.0,0.19069251784911848,healthy,0.7716284585949386,inf,inf,0.15109863621416134
CALCR,0.37097522047833587,0.01818181818181818,0.0,0.17501676025018081,0.0,1.2979590325837753,0.0,0.19069251784911845,healthy,0.766518336352588,inf,inf,0.17501676025018081
BMP6,0.37097522047833587,0.01818181818181818,0.0,0.11098113524618558,0.0,0.8230581273089208,0.0,0.19069251784911845,healthy,0.7614754525607946,inf,inf,0.11098113524618558
ADM2,0.37097522047833587,0.01818181818181818,0.0,0.1409905917644012,0.0,1.0456142133378743,0.0,0.1906925178491185,healthy,0.7564984888185673,inf,inf,0.1409905917644012
CXCR4,0.37097522047833587,0.01818181818181818,0.0,0.156278903923192,0.0,1.1589953708401441,0.0,0.1906925178491186,healthy,0.751586160969096,inf,inf,0.156278903923192
DIO3,0.37097522047833587,0.01818181818181818,0.0,0.11353520750633303,0.0,0.8419996341405592,0.0,0.19069251784911842,healthy,0.7467372179951018,inf,inf,0.11353520750633303
COL4A4,0.37097522047833587,0.01818181818181818,0.0,0.11879122309577085,0.0,0.8809792890030989,0.0,0.19069251784911853,healthy,0.7419504409566717,inf,inf,0.11879122309577085
ADAM2,0.37097522047833587,0.01818181818181818,0.0,0.0947327637880176,0.0,0.7025569794830868,0.0,0.19069251784911848,healthy,0.7372246419696866,inf,inf,0.0947327637880176
GRM2,0.37097522047833587,0.01818181818181818,0.0,0.11879122309577085,0.0,0.8809792890030989,0.0,0.19069251784911853,healthy,0.732558663223043,inf,inf,0.11879122309577085
ITGA3,0.37097522047833587,0.01818181818181818,0.0,0.12091888629166091,0.0,0.8967584615775078,0.0,0.19069251784911853,healthy,0.727951376032961,inf,inf,0.12091888629166091
COL21A1,0.37097522047833587,0.01818181818181818,0.0,0.1596129444307975,0.0,1.1837212770085643,0.0,0.19069251784911848,healthy,0.723401679932755,inf,inf,0.1596129444307975
COL20A1,0.37097522047833587,0.01818181818181818,0.0,0.11098113524618558,0.0,0.8230581273089208,0.0,0.19069251784911845,healthy,0.7189085017965267,inf,inf,0.11098113524618558
ROBO3,0.37097522047833587,0.01818181818181818,0.0,0.1554153887288251,0.0,1.1525913707620972,0.0,0.19069251784911845,healthy,0.7144707949953135,inf,inf,0.1554153887288251
LAMC2,0.37097522047833587,0.01818181818181818,0.0,0.11389325702450455,0.0,0.8446550004355282,0.0,0.19069251784911845,healthy,0.7100875385842993,inf,inf,0.11389325702450455
HTR2C,0.37097522047833587,0.01818181818181818,0.0,0.14940651931859017,0.0,1.1080284025327571,0.0,0.1906925178491185,healthy,0.7057577365197609,inf,inf,0.14940651931859017
TNFSF9,0.37097522047833587,0.01818181818181818,0.0,0.11098113524618558,0.0,0.8230581273089208,0.0,0.19069251784911845,healthy,0.7014804169044897,inf,inf,0.11098113524618558
WNT8B,0.37097522047833587,0.01818181818181818,0.0,0.1409905917644012,0.0,1.0456142133378743,0.0,0.1906925178491185,healthy,0.6972546312604867,inf,inf,0.1409905917644012
AXL,0.37097522047833587,0.01818181818181818,0.0,0.12365293668071788,0.0,0.9170347219364762,0.0,0.1906925178491184,healthy,0.6930794538277891,inf,inf,0.12365293668071788
ERBB2,0.37097522047833587,0.01818181818181818,0.0,0.11098113524618558,0.0,0.8230581273089208,0.0,0.19069251784911845,healthy,0.688953980888338,inf,inf,0.11098113524618558
SLC1A3,0.37097522047833587,0.01818181818181818,0.0,0.1284168958609394,0.0,0.9523651888014202,0.0,0.19069251784911848,healthy,0.6848773301138509,inf,inf,0.1284168958609394
FGF23,0.37097522047833587,0.01818181818181818,0.0,0.16937801606516822,0.0,1.2561409864897655,0.0,0.19069251784911845,healthy,0.6808486399367105,inf,inf,0.16937801606516822
IL12A,0.37097522047833587,0.01818181818181818,0.0,0.10954852557120731,0.0,0.8124336096047481,0.0,0.1906925178491185,healthy,0.6768670689429286,inf,inf,0.10954852557120731
EFNA4,0.37097522047833587,0.01818181818181818,0.0,0.11353520750633303,0.0,0.8419996341405592,0.0,0.19069251784911842,healthy,0.6729317952862837,inf,inf,0.11353520750633303
GCGR,0.37097522047833587,0.01818181818181818,0.0,0.0947327637880176,0.0,0.7025569794830868,0.0,0.19069251784911848,healthy,0.6690420161227791,inf,inf,0.0947327637880176
SLITRK1,0.37097522047833587,0.01818181818181818,0.0,0.10954852557120731,0.0,0.8124336096047481,0.0,0.1906925178491185,healthy,0.6651969470646023,inf,inf,0.10954852557120731
WNT16,0.37097522047833587,0.01818181818181818,0.0,0.1662325221414232,0.0,1.232813379211319,0.0,0.19069251784911848,healthy,0.6613958216528045,inf,inf,0.1662325221414232
PTGER3,0.37097522047833587,0.01818181818181818,0.0,0.11098113524618558,0.0,0.8230581273089208,0.0,0.19069251784911845,healthy,0.6576378908479591,inf,inf,0.11098113524618558
KCNQ3,0.37097522047833587,0.01818181818181818,0.0,0.10728573533433687,0.0,0.7956523080734544,0.0,0.19069251784911856,healthy,0.6539224225380835,inf,inf,0.10728573533433687
SLITRK4,0.37097522047833587,0.01818181818181818,0.0,0.10954852557120731,0.0,0.8124336096047481,0.0,0.1906925178491185,healthy,0.6502487010631505,inf,inf,0.10954852557120731
HSD17B1,0.37097522047833587,0.01818181818181818,0.0,0.11389325702450455,0.0,0.8446550004355282,0.0,0.19069251784911845,healthy,0.6466160267555352,inf,inf,0.11389325702450455
MET,0.37097522047833587,0.01818181818181818,0.0,0.12091888629166091,0.0,0.8967584615775078,0.0,0.19069251784911853,healthy,0.6430237154957822,inf,inf,0.12091888629166091
ENG,0.37097522047833587,0.01818181818181818,0.0,0.12091888629166091,0.0,0.8967584615775078,0.0,0.19069251784911853,healthy,0.6394710982830983,inf,inf,0.12091888629166091
DYSF,0.37097522047833587,0.01818181818181818,0.0,0.10954852557120731,0.0,0.8124336096047481,0.0,0.1906925178491185,healthy,0.6359575208200043,inf,inf,0.10954852557120731
CNTN2,0.37097522047833587,0.01818181818181818,0.0,0.0947327637880176,0.0,0.7025569794830868,0.0,0.19069251784911848,healthy,0.6324823431106055,inf,inf,0.0947327637880176
ITGA2B,0.37097522047833587,0.01818181818181818,0.0,0.11763203007479571,0.0,0.8723824834746915,0.0,0.19069251784911845,healthy,0.6290449390719608,inf,inf,0.11763203007479571
WNT5A,0.37097522047833587,0.01818181818181818,0.0,0.11353520750633303,0.0,0.8419996341405592,0.0,0.19069251784911842,healthy,0.6256446961580583,inf,inf,0.11353520750633303
LRRTM3,0.37097522047833587,0.01818181818181818,0.0,0.13350980099732548,0.0,0.990135184168808,0.0,0.19069251784911853,healthy,0.6222810149959183,inf,inf,0.13350980099732548
PROS1,0.37097522047833587,0.01818181818181818,0.0,0.1324603399099626,0.0,0.9823521724404422,0.0,0.1906925178491184,healthy,0.6189533090333732,inf,inf,0.1324603399099626
LRP1,0.37097522047833587,0.01818181818181818,0.0,0.11879122309577085,0.0,0.8809792890030989,0.0,0.19069251784911853,healthy,0.6156610041980893,inf,inf,0.11879122309577085
RORC,0.37097522047833587,0.01818181818181818,0.0,0.16083347723675034,0.0,1.1927729905575228,0.0,0.19069251784911845,healthy,0.6124035385674116,inf,inf,0.16083347723675034
DHCR24,0.37097522047833587,0.01818181818181818,0.0,0.11939985510806803,0.0,0.8854930248118954,0.0,0.19069251784911848,healthy,0.6091803620486358,inf,inf,0.11939985510806803
CD244,0.37097522047833587,0.01818181818181818,0.0,0.11939985510806803,0.0,0.8854930248118954,0.0,0.19069251784911848,healthy,0.6059909360693235,inf,inf,0.11939985510806803
SLC1A6,0.37097522047833587,0.01818181818181818,0.0,0.11879122309577085,0.0,0.8809792890030989,0.0,0.19069251784911853,healthy,0.6028347332772958,inf,inf,0.11879122309577085
CYP3A4,0.37097522047833587,0.01818181818181818,0.0,0.11879122309577085,0.0,0.8809792890030989,0.0,0.19069251784911853,healthy,0.5997112372499522,inf,inf,0.11879122309577085
CDH2,0.3744730186737649,0.07272727272727272,0.13043478260869565,0.4973280085653945,0.8259606244769262,1.798698735673082,2.169654479787642,-0.1649077620620026,healthy,0.6022452671454364,0.6021207232249698,-0.7318753232896243,-0.3286326159115317
TENM1,0.391049769027787,0.05454545454545454,0.021739130434782608,0.38271996976567196,0.13708289649977384,1.6087000956703275,0.9297414391040739,0.18696160924267932,healthy,0.6256796304444592,2.7918870956035233,1.481240599890535,0.24563707326589812
ROR1,0.3910618518451193,0.05454545454545454,0.021739130434782608,0.42487774326583577,0.1267813544158803,1.8006538389029465,0.8598729813560564,0.2112688621675515,healthy,0.6225066213044756,3.3512636398575717,1.744705186080968,0.2980963888499555
GNG2,0.3910618518451193,0.05454545454545454,0.021739130434782608,0.3865898349677691,0.11905706276587892,1.625038557528045,0.8074842864998476,0.20850215678427633,healthy,0.6193466892166357,3.2470970305053046,1.6991504962153958,0.2675327722018902
SFRP1,0.3960740378371045,0.07272727272727272,0.13043478260869565,0.5059686643842113,0.8380606041098018,1.8268946659907457,2.1917245788550264,-0.16459972327127445,healthy,0.6241166656827102,0.6037375601513418,-0.7280065369726788,-0.3320919397255905
ACVR2A,0.40230468775283,0.05454545454545454,0.021739130434782608,0.3928775142080202,0.12205413162614537,1.6908705146003127,0.8278113964923239,0.20343937433151446,healthy,0.6307490581853415,3.218879270809227,1.6865584672563674,0.2708233825818748
GNG4,0.40230468775283,0.05454545454545454,0.021739130434782608,0.35833127717977986,0.13218738820661416,1.508352268781275,0.8965384864247382,0.1822642574522533,healthy,0.6275953128944148,2.710782640017774,1.43870943750604,0.2261438889731657
TRAF2,0.40230468775283,0.05454545454545454,0.021739130434782608,0.4036661688060105,0.13600672008163708,1.7166570815328912,0.9224424555162131,0.19423651062010322,healthy,0.6244729481536466,2.967986938907965,1.5694847431668804,0.2676594487243734
WNT3,0.40230468775283,0.05454545454545454,0.021739130434782608,0.3742757435449301,0.14059112269374427,1.5761095451239333,0.9535353868070248,0.17940342723851319,healthy,0.6213814979152622,2.662157726417984,1.412596049980076,0.23368462085118583
EPHA7,0.40230468775283,0.05454545454545454,0.021739130434782608,0.372457874552295,0.14376253650488166,1.5662567726804564,0.9750449617871999,0.17530150244217663,healthy,0.6183205053146944,2.590785357627908,1.3733894955207142,0.22869533804741335
SLITRK5,0.40230468775283,0.05454545454545454,0.021739130434782608,0.3743821588860434,0.1369645792276025,1.607287345605755,0.9289389723215046,0.18086366074677224,healthy,0.6152895224455047,2.733423203264177,1.4507088429505857,0.23741757965844093
DRD3,0.40230468775283,0.05454545454545454,0.021739130434782608,0.41078289495149745,0.1490687933003192,1.7312300386136192,1.0110337463490582,0.1846138962384293,healthy,0.6122881101408926,2.7556598927041684,1.4623978396432677,0.26171410165117825
PDGFD,0.41088408887138983,0.07272727272727272,0.13043478260869565,0.5767248424700391,0.8123571002102151,2.0914429254067066,2.129042548402065,-0.11165677929658713,healthy,0.6223098821741438,0.7099400526206996,-0.4942308863801281,-0.23563225774017604
EPHA5,0.41088408887138983,0.07272727272727272,0.13043478260869565,0.5675867321307768,0.834099357228682,2.061299953718162,2.1839525468326615,-0.12550559077915596,healthy,0.6193035542409354,0.6804785631493583,-0.5553783811011431,-0.2665126250979052
ZP3,0.418512167112554,0.6181818181818182,0.8695652173913043,5.158260064170654,6.203306187898657,4.176416471235974,2.4900325389776574,-0.3039497345515582,healthy,0.627768250668831,0.8315340091116785,-0.2661528250327929,-1.045046123728003
RYR2,0.4501865677094111,0.16363636363636364,0.13043478260869565,1.2711813701104766,0.7844919575484114,2.92046533259734,2.049181033090795,0.19292227124373848,healthy,0.6720488474896473,1.6203880203985792,0.6963393242671724,0.4866894125620652
NRXN2,0.4511102410836909,0.01818181818181818,0.043478260869565216,0.11098113524618558,0.2860606450868743,0.8230581273089208,1.3583671554763346,-0.15589325622493772,healthy,0.6702209296100551,0.38796366138544336,-1.3660065661712375,-0.1750795098406887
ITGB1BP1,0.4511102410836909,0.01818181818181818,0.043478260869565216,0.10954852557120731,0.2695464156892697,0.8124336096047481,1.2787813322335855,-0.14935049997709854,healthy,0.6670445271000548,0.4064180385818735,-1.2989636583405892,-0.15999789011806237
CALM3,0.4511102410836909,0.01818181818181818,0.043478260869565216,0.0947327637880176,0.2512444509724931,0.7025569794830868,1.1931625985520924,-0.15985470458556286,healthy,0.6638980906514697,0.37705415351994853,-1.4071563528151654,-0.1565116871844755
SLC17A8,0.46515870410449245,0.01818181818181818,0.043478260869565216,0.10954852557120731,0.26966626600522625,0.8124336096047481,1.2806851667019479,-0.1493039784769597,healthy,0.6813592285474256,0.40623741038889977,-1.299604991399684,-0.16011774043401894
COL4A2,0.46515870410449245,0.01818181818181818,0.043478260869565216,0.10954852557120731,0.28955050684482525,0.8124336096047481,1.3874586415026806,-0.1583268100811202,healthy,0.6781753069186993,0.37833995445193996,-1.4022449551748495,-0.18000198127361794
BMPR1A,0.4746938379342981,0.14545454545454545,0.10869565217391304,1.0971893346779458,0.7071956464887236,2.706100133507649,2.052461379087808,0.16238762885756391,healthy,0.6888580345837255,1.551465057973092,0.6336312049190921,0.3899936881892222
TCTN1,0.47944709321544965,0.01818181818181818,0.043478260869565216,0.12365293668071788,0.27588901740689975,0.9170347219364762,1.3083467679440104,-0.13475058716625224,healthy,0.692534690200094,0.4481981118456273,-1.1577915237648209,-0.1522360807261819
TIMP1,0.47944709321544965,0.01818181818181818,0.043478260869565216,0.1251298149278547,0.26008597537223094,0.9279875441585166,1.234666165412219,-0.12356981891275937,healthy,0.6893432860977894,0.48110942832950093,-1.055563022611413,-0.13495616044437625
SHANK1,0.47944709321544965,0.01818181818181818,0.043478260869565216,0.12356349083186599,0.2654531551574749,0.9163713737675431,1.2594424295327113,-0.12883280776430242,healthy,0.6861811609322032,0.46548134174018146,-1.103204754640127,-0.14188966432560893
CLSTN2,0.47944709321544965,0.01818181818181818,0.043478260869565216,0.1284168958609394,0.2542415198327595,0.9523651888014202,1.2066763711233817,-0.1157557550596891,healthy,0.6830479136220104,0.5050980498598823,-0.985364623228934,-0.1258246239718201
VCAN,0.47944709321544965,0.01818181818181818,0.043478260869565216,0.1309288051817952,0.27228793127792583,0.9709940069064724,1.298465395542025,-0.12329816925388662,healthy,0.679943150378274,0.48084689088975974,-1.0563505042552237,-0.14135912609613063
LGALS1,0.47944709321544965,0.01818181818181818,0.043478260869565216,0.1708500535767885,0.2769316522803693,1.267057908856392,1.3204845843983883,-0.08197661956228246,healthy,0.6768664845394583,0.6169394223084966,-0.6967992577422852,-0.1060815987035808
COL13A1,0.47944709321544965,0.01818181818181818,0.043478260869565216,0.15550933364431427,0.28384887216057764,1.153288084902218,1.3484907206596595,-0.10228773898012943,healthy,0.6738175364109023,0.5478596143807831,-0.8681218359778973,-0.12833953851626337
TNFRSF10B,0.47944709321544965,0.01818181818181818,0.043478260869565216,0.1324603399099626,0.2823056304219383,0.9823521724404422,1.3487494208896933,-0.12700256704264126,healthy,0.6707959331086112,0.4692089906672614,-1.0916974373035437,-0.1498452905119757
TSPAN14,0.47944709321544965,0.01818181818181818,0.043478260869565216,0.1251298149278547,0.24996751132126616,0.9279875441585165,1.186799746387899,-0.11718738583668323,healthy,0.6678013084072335,0.5005843130031162,-0.9983150134240693,-0.12483769639341147
SORL1,0.47944709321544965,0.01818181818181818,0.043478260869565216,0.13155622110697623,0.26383438069068754,0.9756470479415792,1.2515506298358843,-0.11788331184239163,healthy,0.6648333025920902,0.4986318339656016,-1.003953103678018,-0.1322781595837113
NCSTN,0.47944709321544965,0.01818181818181818,0.043478260869565216,0.14505678276340514,0.27751349451481816,1.0757698928729291,1.318190094075235,-0.11009604933064382,healthy,0.661891562315134,0.5227017266926444,-0.9359401697835483,-0.13245671175141302
FGFR1,0.47944709321544965,0.01818181818181818,0.043478260869565216,0.13155622110697623,0.28519081585369405,0.9756470479415792,1.3524502600054986,-0.13028752381394065,healthy,0.658975740454715,0.46129192734756924,-1.1162480495627756,-0.1536345947467178
VEGFD,0.47944709321544965,0.01818181818181818,0.043478260869565216,0.11763203007479571,0.2467721895002076,0.8723824834746915,1.1710069887322943,-0.12506946449341574,healthy,0.6560854959790364,0.47668268581252243,-1.0688988704574411,-0.1291401594254119
COLQ,0.47944709321544965,0.01818181818181818,0.043478260869565216,0.156278903923192,0.3148624756116512,1.1589953708401441,1.499705361733645,-0.11832640460982605,healthy,0.653220493813189,0.4963401993826191,-1.0105987893530424,-0.1585835716884592
EDNRA,0.47944709321544965,0.01818181818181818,0.043478260869565216,0.1409905917644012,0.263906720284854,1.0456142133378743,1.2515124172920171,-0.10658996704696266,healthy,0.6503804047096534,0.5342440374849858,-0.9044291933384379,-0.1229161285204528
SIGIRR,0.47944709321544965,0.01818181818181818,0.043478260869565216,0.13155622110697623,0.2880736520980473,0.9756470479415792,1.3676616709932088,-0.13175573689984968,healthy,0.6475649051221658,0.4566756457900579,-1.1307582410913346,-0.15651743099107107
NTRK3,0.4905892163819704,0.03636363636363636,0.06521739130434782,0.21826687058052247,0.4024647490657094,1.134122084366139,1.541398048997438,-0.136123184321347,healthy,0.6597579116860982,0.5423254361710237,-0.8827692576022694,-0.18419787848518693
CD46,0.5103880119516783,0.05454545454545454,0.08695652173913043,0.33932088391316373,0.5583474560111127,1.4266980740218957,1.8339987885562992,-0.13330743683906035,healthy,0.683438024587655,0.6077235245904126,-0.718512956117696,-0.21902657209794896
GRIK1,0.5304901696646087,0.05454545454545454,0.08695652173913043,0.34786040019318654,0.568476156143808,1.4745723253772918,1.8676766182597828,-0.13111258126472172,healthy,0.7073202262194783,0.6119173098707555,-0.70859138428884,-0.22061575595062144
EZR,0.5373623630224442,0.03636363636363636,0.06521739130434782,0.278564168288904,0.43585599236161626,1.4535451383359619,1.6786990523157752,-0.10017547193403539,healthy,0.713434286225543,0.6391197394798874,-0.6458418485810694,-0.15729182407271225
HAVCR2,0.5373623630224442,0.03636363636363636,0.06521739130434782,0.23481214331616546,0.4043963061459357,1.2204769757016056,1.5510118982131065,-0.12151651331897285,healthy,0.7104112595889941,0.5806485859231071,-0.7842627999850563,-0.16958416282977024
ITGAV,0.5373623630224442,0.03636363636363636,0.06521739130434782,0.2596345137318603,0.427742382784355,1.3497813535399894,1.6421699687809583,-0.11184061807013428,healthy,0.7074137437257494,0.6069880474359125,-0.7202599870962136,-0.1681078690524947
NTN1,0.5408276448706818,0.09090909090909091,0.13043478260869565,0.6377817970957589,0.8572335006165694,2.0519368082760017,2.2478712391479903,-0.10196930377957417,healthy,0.7089841394943392,0.7440000847342424,-0.426625309245367,-0.21945170352081056
SORBS1,0.543761616226362,0.07272727272727272,0.10869565217391304,0.49408497327333883,0.7024202293771474,1.8195500169979033,2.0383374865233783,-0.1078315714832711,healthy,0.709847800262029,0.7034036786091079,-0.5075752150034146,-0.2083352561038086
PON2,0.5493962119831002,0.03636363636363636,0.06521739130434782,0.2586162460885076,0.3971570446782198,1.3443066928519098,1.5207710889772366,-0.0965270588627434,healthy,0.7142150755780302,0.6511687241958425,-0.6188966866393725,-0.1385407985897122
LRPAP1,0.5493962119831002,0.03636363636363636,0.06521739130434782,0.2509560762150443,0.3984566260687209,1.3053687990494072,1.5254160510041004,-0.10389833881289717,healthy,0.711251527546586,0.6298203111617033,-0.6669878109933286,-0.1475005498536766
LTBP1,0.571571204141324,0.07272727272727272,0.10869565217391304,0.5255136065671426,0.7152309334863851,1.9039185834303378,2.0748808568883206,-0.09527619408223727,healthy,0.7369017177359218,0.7347467537590027,-0.4446810150783071,-0.18971732691924248
LRP6,0.5931126609615145,0.05454545454545454,0.08695652173913043,0.4191131360154925,0.5608267599516111,1.7640921797806486,1.840067913106953,-0.07862145096553902,healthy,0.761527367160463,0.7473130134725635,-0.42021544973336217,-0.14171362393611864
FYN,0.6000396575867926,0.07272727272727272,0.10869565217391304,0.5708246354711823,0.682812763597524,2.0816473129777426,1.9828969528971983,-0.0550886316336534,healthy,0.767263824455243,0.8359899900870165,-0.25844242690928865,-0.11198812812634162
LRFN5,0.609669716922751,0.07272727272727272,0.10869565217391304,0.5759467726826677,0.6904552548853363,2.0898030344739107,2.016986037401032,-0.055756691961634935,healthy,0.776395721142442,0.8341551007216463,-0.26161243515303895,-0.11450848220266863
COL6A3,0.6273453485639182,0.09090909090909091,0.13043478260869565,0.705269111620868,0.8199447907169801,2.270234976397725,2.1464201743756104,-0.05190835184763195,healthy,0.7956575152517987,0.8601421944569746,-0.21735291614198546,-0.1146756790961121
NRP1,0.6360417712851668,0.09090909090909091,0.06521739130434782,0.6158265533650983,0.453028593220619,1.9822892519163675,1.734973186163558,0.08739702612996121,healthy,0.8034211847812633,1.3593547131035033,0.44292196534878175,0.16279796014447928
IGF1R,0.6394305037644757,0.12727272727272726,0.17391304347826086,0.9460709516770293,1.0998946401795942,2.536587641561169,2.435825526350253,-0.06185814011595952,healthy,0.8044448273165985,0.8601468878169566,-0.21734504410787106,-0.1538236885025649
LIPH,0.6595417669461572,0.03636363636363636,0.021739130434782608,0.25951633026953913,0.13444973746494154,1.3491449178722463,0.9118824856317937,0.10861563533567752,healthy,0.8264137802698838,1.930210762495608,0.9487583860456417,0.1250665928045976
DKK2,0.6595417669461572,0.03636363636363636,0.021739130434782608,0.2770167659744377,0.14424419020645954,1.4410682110461244,0.9783116961288947,0.10780327498497433,healthy,0.8231081251488043,1.9204708735786042,0.9414600837011297,0.13277257576797816
CNTN3,0.6595417669461572,0.03636363636363636,0.021739130434782608,0.2580394520224023,0.13708289649977384,1.3417854166821233,0.9297414391040739,0.1047879895969204,healthy,0.8198288099091675,1.8823606635918144,0.9125430774417524,0.12095655552262846
MMP2,0.6595417669461572,0.03636363636363636,0.021739130434782608,0.2640165610169388,0.15023379965178044,1.3716433875440557,1.0189352038571047,0.09417317687789363,healthy,0.8165755209809565,1.7573712548633522,0.8134190012331303,0.11378276136515839
CNR1,0.6595417669461572,0.03636363636363636,0.021739130434782608,0.24235471392763683,0.1369645792276025,1.259349374362972,0.9289389723215046,0.09524242727994402,healthy,0.8133479497517828,1.769469999428838,0.8233173017223704,0.10539013470003433
OPRM1,0.6595417669461572,0.03636363636363636,0.021739130434782608,0.24244415977648873,0.12205413162614537,1.2598235547046546,0.8278113964923239,0.11294331594016882,healthy,0.8101457924692955,1.9863658570698843,0.9901313688730145,0.12039002815034336
RIMS1,0.6595417669461572,0.03636363636363636,0.021739130434782608,0.2556453489802511,0.12205413162614537,1.3311333173060396,0.8278113964923239,0.12052405812893219,healthy,0.8069687501458865,2.094524335835666,1.0666226466706419,0.13359121735410573
UNC5D,0.6703455209792749,0.14545454545454545,0.13043478260869565,1.1552753615436253,0.8695738219026553,2.84610777015684,2.27260351566643,0.11093613519965739,healthy,0.8169836036934913,1.3285535194882545,0.4098563465676469,0.28570153964097
NPNT,0.6764156305271329,0.03636363636363636,0.021739130434782608,0.21986257871587228,0.14424419020645954,1.1535165243946264,0.9783116961288947,0.07070391063037264,healthy,0.8211738393948073,1.5242387121531804,0.6080888620639711,0.07561838850941274
GNB5,0.6934535703497354,0.03636363636363636,0.021739130434782608,0.23481214331616546,0.15023379965178044,1.2204769757016056,1.0189352038571047,0.07523214084344708,healthy,0.8385950153066568,1.5629781304901096,0.6442975919945199,0.08457834366438502
DCN,0.6934535703497354,0.03636363636363636,0.021739130434782608,0.24254703419363471,0.1652913769076882,1.2687635539622473,1.1210606615530734,0.06453070960613781,healthy,0.8353571967147392,1.467390729820662,0.5532530761358622,0.07725565728594652
ASIP,0.746307426876033,0.12727272727272726,0.15217391304347827,0.93541427921627,1.032796975109166,2.513183467896861,2.469282425938004,-0.03908864325627707,healthy,0.8955689122512396,0.9057097394358629,-0.1428793233914351,-0.09738269589289594
NEO1,0.7646863081894542,0.05454545454545454,0.043478260869565216,0.3690648558407464,0.2507774206001237,1.5563830400777199,1.1896875763833503,0.0853923504866715,healthy,0.9141077707092325,1.4716829567731997,0.5574669064793167,0.11828743524062268
FZD3,0.7646863081894542,0.05454545454545454,0.043478260869565216,0.3632736002192977,0.25870601163729684,1.5265780952346728,1.2269501396068354,0.07550599486982479,healthy,0.9106188097523271,1.4041946606505749,0.4897429473864069,0.10456758858200088
NRG3,0.7761654889377311,0.16363636363636364,0.15217391304347827,1.199313308848949,1.0206959378044294,2.760894082006321,2.444515919437957,0.06850118288857138,healthy,0.9207742682455212,1.174995671510886,0.23265544215088654,0.17861737104451958
GABBR2,0.7785637544066432,0.05454545454545454,0.043478260869565216,0.37545833922111854,0.25964818545962315,1.5862004166820534,1.235734577980474,0.08145278047176585,healthy,0.9201208006623964,1.4460272023718979,0.5320946922322557,0.1158101537614954
EPHA4,0.7925121710711189,0.05454545454545454,0.043478260869565216,0.4086654941576403,0.2974092500778545,1.7295490450192672,1.411050726255175,0.07048876803211614,healthy,0.933070933487506,1.3740846797826953,0.4584709148824514,0.1112562440797858
IGF2R,0.8225528278636379,0.509090909090909,0.7608695652173914,4.3841306798125075,5.414572097516835,4.448743313522744,3.118118665974394,-0.2682405352313931,healthy,0.9647988056144927,0.8096910708462269,-0.30455652710196046,-1.0304414177043277
MGRN1,0.8347404240593246,0.05454545454545454,0.043478260869565216,0.3570300611819207,0.31082675420307526,1.5030232968431554,1.4757676891100697,0.03102021809302217,healthy,0.9754270123839298,1.148646493115773,0.19993486317129783,0.04620330697884545
FABP5,0.8351859139569119,0.05454545454545454,0.06521739130434782,0.36184401488455675,0.42301690666942926,1.5206201202900762,1.6204985106954282,-0.03893007418468542,healthy,0.9723059893826737,0.85538901443323,-0.2253474157587732,-0.06117289178487251
SEMA4D,0.8404311210912325,0.07272727272727272,0.06521739130434782,0.546170074777401,0.4295890815749491,1.979521276270931,1.6460274638175225,0.06404045637380297,healthy,0.9747751292954072,1.2713779241666139,0.3463929432278047,0.11658099320245185
TGFBR1,0.861263255813504,0.05454545454545454,0.06521739130434782,0.4119852653435834,0.41263149401640126,1.7612056742848807,1.5855202292850896,-0.00038565459056841056,healthy,0.9952375400511602,0.9984338842715864,-0.002261198506649533,-0.0006462286728178834
TMEM67,0.8638002378235081,0.03636363636363636,0.043478260869565216,0.27314815193713055,0.28676841624974636,1.4398766941458225,1.361899517927804,-0.009718829292566105,healthy,0.994485882660275,0.9525043082124012,-0.0702024769033345,-0.013620264312615815
JAM3,0.8638002378235081,0.03636363636363636,0.043478260869565216,0.24001348447723012,0.2759796140052498,1.2486107164686642,1.31785535142345,-0.028017550170562712,healthy,0.9908296845622594,0.8696783106329893,-0.20144624045232382,-0.03596612952801967
WIF1,0.8638002378235081,0.03636363636363636,0.043478260869565216,0.22628898489499383,0.26473000905561545,1.1916738319838898,1.2559112371413468,-0.0314005769778935,healthy,0.9872002717982951,0.854791588238318,-0.22635538397266958,-0.03844102416062162
FGF13,0.8891414580032048,0.07272727272727272,0.06521739130434782,0.46497481157935916,0.39832248274123183,1.678865283794292,1.5263673145506604,0.041542706123380534,healthy,1.0,1.1673325803239374,0.2232156524135884,0.06665232883812733
PTH2R,0.8956355912546581,0.03636363636363636,0.043478260869565216,0.27348354820530035,0.27467577867150084,1.4238297769116552,1.3052561023949987,-0.0008728979585779647,healthy,1.0,0.995659499093925,-0.0062756487358637736,-0.0011922304662004835
GNB2,0.8956355912546581,0.03636363636363636,0.043478260869565216,0.27650064103836686,0.2648502526308813,1.4511843356743073,1.2584788768203599,0.008577477279012756,healthy,1.0,1.0439885871044365,0.06210594043477939,0.011650388407485557
RIPK1,0.8956355912546581,0.03636363636363636,0.043478260869565216,0.25530540163334536,0.2587088674020786,1.3282919892604466,1.2278555208444173,-0.002660911811421432,healthy,1.0,0.9868444178086727,-0.019105442169747164,-0.003403465768733238
EFNA2,0.8988189964859397,0.01818181818181818,0.021739130434782608,0.11879122309577085,0.14431033077370473,0.8809792890030989,0.9787602832812229,-0.027405888659113743,healthy,1.0,0.8231650669698014,-0.2807463356617866,-0.025519107677933875
JAM2,0.8988189964859397,0.01818181818181818,0.021739130434782608,0.12091888629166091,0.15023379965178044,0.8967584615775078,1.0189352038571047,-0.0305429581984504,healthy,1.0,0.8048713842819184,-0.313169831018192,-0.02931491336011953
SLIT1,0.8988189964859397,0.01818181818181818,0.021739130434782608,0.12091888629166091,0.15177810476272066,0.8967584615775078,1.0294091907141287,-0.03196637508157451,healthy,1.0,0.7966820147128407,-0.32792408878691437,-0.030859218471059754
CHRNB1,0.8988189964859397,0.01818181818181818,0.021739130434782608,0.11098113524618558,0.15346603911149134,0.8230581273089208,1.0408573184573426,-0.04527865916520046,healthy,0.9979769640697979,0.7231641338287166,-0.46760496750839864,-0.04248490386530576
WNT5B,0.8988189964859397,0.01818181818181818,0.021739130434782608,0.12647862142966237,0.15723530596884605,0.9379905608966075,1.06642173007838,-0.030626176592583255,healthy,0.994438038665295,0.8043907228744308,-0.314031651906743,-0.030756684539183676
ESR1,0.8988189964859397,0.01818181818181818,0.021739130434782608,0.10954852557120731,0.1509415708146525,0.8124336096047481,1.0237355414362435,-0.04479070648204808,healthy,0.9909241233343222,0.7257677588748996,-0.46242012617212525,-0.0413930452434452
TGFB2,0.8988189964859397,0.01818181818181818,0.021739130434782608,0.12266930433744273,0.14800240792857797,0.9097399092404199,1.0038011688687314,-0.026445790358081242,healthy,0.9874349538859619,0.8288331659890269,-0.27084636086561165,-0.025333103591135234
L1CAM,0.8988189964859397,0.01818181818181818,0.021739130434782608,0.11879122309577085,0.14299320901869658,0.8809792890030989,0.9698271289108044,-0.026122826649346072,healthy,0.9839702698372392,0.8307473054908413,-0.26751838630957425,-0.02420198592292573
CACNA1C,0.8988189964859397,0.01818181818181818,0.021739130434782608,0.10954852557120731,0.15392548237910444,0.8124336096047481,1.04397341430682,-0.04744192665871797,healthy,0.9805298143482979,0.7116984392577654,-0.4906620227211773,-0.04437695680789713
IL1RAP,0.8988189964859397,0.01818181818181818,0.021739130434782608,0.11879122309577085,0.14800240792857797,0.8809792890030989,1.0038011688687314,-0.03093130456594503,healthy,0.977113334158931,0.8026303406705135,-0.3171924016307229,-0.029211184832807116
NTF3,0.8988189964859397,0.01818181818181818,0.021739130434782608,0.0947327637880176,0.14034147590320092,0.7025569794830868,0.951842199894332,-0.054520823825975916,healthy,0.9737205795264346,0.6750161573999588,-0.5670060595063948,-0.04560871211518333
HMMR,0.9212199874502498,0.01818181818181818,0.021739130434782608,0.14940651931859017,0.15015776960199698,1.1080284025327571,1.01841954297084,-0.0007059511045100761,healthy,0.9945350729566711,0.9949969269961985,-0.007236024923730427,-0.0007512502834068069
BMPR1B,0.9212199874502498,0.01818181818181818,0.021739130434782608,0.1284168958609394,0.12425912993713706,0.9523651888014202,0.8427664226497033,0.004623659277240828,healthy,0.9911056416706137,1.033460446133059,0.04748317322423634,0.004157765923802348
EPHB6,0.9212199874502498,0.01818181818181818,0.021739130434782608,0.13155622110697623,0.14299320901869658,0.9756470479415792,0.9698271289108044,-0.011757479870302248,healthy,0.9876997803590308,0.9200172652239385,-0.12026715956636842,-0.011436987911720348
CD1A,0.9212199874502498,0.01818181818181818,0.021739130434782608,0.12266930433744273,0.13855553078630148,0.9097399092404199,0.9397293307797688,-0.017176969506098136,healthy,0.9843172468646506,0.8853439746598022,-0.17569001356569067,-0.015886226448858745
LAMA3,0.9212199874502498,0.01818181818181818,0.021739130434782608,0.14077999872205654,0.12425912993713706,1.0440524135358449,0.8427664226497033,0.01741307041819869,healthy,0.9809578023361023,1.1329549691300544,0.1800905203783593,0.016520868784919485
KCNJ6,0.9212199874502498,0.01818181818181818,0.021739130434782608,0.10954852557120731,0.12691442454771643,0.8124336096047481,0.8607755069010665,-0.020748937363489768,healthy,0.9776212111716938,0.8631684378005433,-0.21228598198581172,-0.017365898976509114
TAFA5,0.9212199874502498,0.01818181818181818,0.021739130434782608,0.12365293668071788,0.13099088490296817,0.9170347219364762,0.888423406193512,-0.008127606935059772,healthy,0.9743072409643321,0.9439812302383795,-0.08316992101128537,-0.007337948222250298
FST,0.9212199874502498,0.01818181818181818,0.021739130434782608,0.11353520750633303,0.12872328897397833,0.8419996341405592,0.8730438223347119,-0.017708698672420094,healthy,0.9710156624475607,0.8820098399543256,-0.18113334389581343,-0.015188081467645304
DKK3,0.9212199874502498,0.01818181818181818,0.021739130434782608,0.15109863621416134,0.16183659868883962,1.1205774772936812,1.0976292156543288,-0.009681142813296757,healthy,0.9677462494426867,0.9336493564393059,-0.09904726519593081,-0.010737962474678286
ANOS1,0.9212199874502498,0.01818181818181818,0.021739130434782608,0.16839506657911854,0.12771512673432864,1.2488512379984318,0.8662061333488809,0.03785251297961908,healthy,0.964498778806973,1.318520921405119,0.3989204631008038,0.0406799398447899
PSEN1,0.9212199874502498,0.01818181818181818,0.021739130434782608,0.12091888629166091,0.12872328897397833,0.8967584615775078,0.8730438223347119,-0.008818727617599784,healthy,0.9612730303828695,0.9393707017236399,-0.09023349717963888,-0.007804402682317427
LGALS3BP,0.9212199874502498,0.01818181818181818,0.021739130434782608,0.1324603399099626,0.14059112269374427,0.9823521724404422,0.9535353868070248,-0.008399126369364428,healthy,0.9580687869482599,0.9421671679691092,-0.08594503610742439,-0.008130782783781682
SCARB1,0.9212199874502498,0.01818181818181818,0.021739130434782608,0.10954852557120731,0.12872328897397833,0.8124336096047481,0.8730438223347119,-0.022738219116661896,healthy,0.9548858341677009,0.8510388947050037,-0.2327030265298892,-0.019174763402771022
COL3A1,0.9212199874502498,0.01818181818181818,0.021739130434782608,0.14548572672798613,0.15023379965178044,1.0789510264541036,1.0189352038571047,-0.004524679295195577,healthy,0.951723960544629,0.9683954414066632,-0.04633180683043827,-0.004748072923794311
ADAM12,0.9212199874502498,0.01818181818181818,0.021739130434782608,0.1251298149278547,0.12425912993713706,0.9279875441585165,0.8427664226497033,0.0009822690338688173,healthy,0.9485829573745147,1.0070070101984305,0.010073726585322117,0.0008706849907176295
CX3CL1,0.9212199874502498,0.01818181818181818,0.021739130434782608,0.14077999872205654,0.13600672008163708,1.0440524135358449,0.9224424555162131,0.004845349532348765,healthy,0.9454626186989407,1.0350959028903448,0.04976444136185877,0.004773278640419459
GFRA3,0.9212199874502498,0.01818181818181818,0.021739130434782608,0.10954852557120731,0.12771512673432864,0.8124336096047481,0.8662061333488809,-0.021633334591464104,healthy,0.9423627412605835,0.8577568559994365,-0.22135934268285537,-0.018166601163121326
GABRA5,0.9212199874502498,0.01818181818181818,0.021739130434782608,0.11763203007479571,0.14059112269374427,0.8723824834746915,0.9535353868070248,-0.025123200038184666,healthy,0.9392831244590784,0.836696000579202,-0.25722455588978854,-0.02295909261894856
DAGLB,0.9212199874502498,0.01818181818181818,0.021739130434782608,0.11939985510806803,0.12205413162614537,0.8854930248118954,0.8278113964923239,-0.0030966750629563815,healthy,0.9362235703077458,0.9782532841558575,-0.031720046390563465,-0.002654276518077342
FBLN1,0.9212199874502498,0.01818181818181818,0.021739130434782608,0.13153103924645154,0.13600672008163708,0.9754602942656544,0.9224424555162131,-0.004714609883377062,healthy,0.9331838833911622,0.9670922081460457,-0.048274643765402296,-0.0044756808351855415
LRP5,0.9212199874502498,0.01818181818181818,0.021739130434782608,0.11098113524618558,0.12771512673432864,0.8230581273089208,0.8662061333488809,-0.019805705672528994,healthy,0.9301638708235532,0.8689740838377518,-0.20261494394238513,-0.016733991488143057
SORT1,0.9285332983102956,0.09090909090909091,0.08695652173913043,0.5873085333325978,0.5454339518482159,1.888742968063727,1.7893726655978999,0.022761278827155035,healthy,0.9345238357187492,1.0767729646137518,0.10671409263579856,0.041874581484381945
VANGL2,0.9614813030468745,0.09090909090909091,0.08695652173913043,0.5905709262937441,0.5689775205311325,1.8882959999618487,1.866933564568544,0.011500259040154613,healthy,0.9645728827994369,1.037951245846153,0.053738679699764105,0.021593405762611595
GRIA4,0.9698243636462073,0.10909090909090909,0.10869565217391304,0.7400518453692634,0.6907098934478935,2.160979471704447,2.009017492900818,0.02364952389898352,healthy,0.9698243636462073,1.0714365790752818,0.09954645593000679,0.04934195192136992
